-- MySQL dump 10.13  Distrib 5.7.19, for Linux (x86_64)
--
-- Host: 35.187.177.165    Database: hours_count
-- ------------------------------------------------------
-- Server version	5.7.14-google

/*!40101 SET @OLD_CHARACTER_SET_CLIENT=@@CHARACTER_SET_CLIENT */;
/*!40101 SET @OLD_CHARACTER_SET_RESULTS=@@CHARACTER_SET_RESULTS */;
/*!40101 SET @OLD_COLLATION_CONNECTION=@@COLLATION_CONNECTION */;
/*!40101 SET NAMES utf8 */;
/*!40103 SET @OLD_TIME_ZONE=@@TIME_ZONE */;
/*!40103 SET TIME_ZONE='+00:00' */;
/*!40014 SET @OLD_UNIQUE_CHECKS=@@UNIQUE_CHECKS, UNIQUE_CHECKS=0 */;
/*!40014 SET @OLD_FOREIGN_KEY_CHECKS=@@FOREIGN_KEY_CHECKS, FOREIGN_KEY_CHECKS=0 */;
/*!40101 SET @OLD_SQL_MODE=@@SQL_MODE, SQL_MODE='NO_AUTO_VALUE_ON_ZERO' */;
/*!40111 SET @OLD_SQL_NOTES=@@SQL_NOTES, SQL_NOTES=0 */;

--
-- Table structure for table `client`
--

DROP TABLE IF EXISTS `client`;
/*!40101 SET @saved_cs_client     = @@character_set_client */;
/*!40101 SET character_set_client = utf8 */;
CREATE TABLE `client` (
  `id` int(11) NOT NULL AUTO_INCREMENT,
  `name` varchar(45) NOT NULL,
  PRIMARY KEY (`id`)
) ENGINE=InnoDB AUTO_INCREMENT=37 DEFAULT CHARSET=utf8;
/*!40101 SET character_set_client = @saved_cs_client */;

--
-- Dumping data for table `client`
--

LOCK TABLES `client` WRITE;
/*!40000 ALTER TABLE `client` DISABLE KEYS */;
INSERT INTO `client` VALUES (1,'Kiloutou'),(2,'Bureau véritas'),(3,'Aperam'),(4,'Valeo'),(5,'Devoteamgcloud'),(6,'Progis'),(7,'Lafarge'),(8,'Bouygues immobilier'),(9,'Hiventy'),(10,'Agapes'),(11,'Norauto'),(12,'KRYS GROUP'),(13,'Devoteam'),(14,'Decathlon'),(15,'JDMS'),(16,'Système U'),(17,'McDonald'),(18,'Lassarat'),(19,'Hyundai'),(20,'Alternants'),(22,'Auchan'),(25,'Solvay'),(26,'Cooperl'),(27,'Labeyrie'),(28,'Groupe TERA'),(29,'Soitec'),(30,'RATP'),(31,'Matrix'),(32,'Jardiland'),(33,'La Redoute'),(34,'Adidas'),(35,'MSD');
/*!40000 ALTER TABLE `client` ENABLE KEYS */;
UNLOCK TABLES;

--
-- Temporary table structure for view `cra`
--

DROP TABLE IF EXISTS `cra`;
/*!50001 DROP VIEW IF EXISTS `cra`*/;
SET @saved_cs_client     = @@character_set_client;
SET character_set_client = utf8;
/*!50001 CREATE VIEW `cra` AS SELECT 
 1 AS `email`,
 1 AS `client`,
 1 AS `project`,
 1 AS `started_at`,
 1 AS `month`,
 1 AS `minutes`,
 1 AS `hour`,
 1 AS `issue`*/;
SET character_set_client = @saved_cs_client;

--
-- Table structure for table `hour`
--

DROP TABLE IF EXISTS `hour`;
/*!40101 SET @saved_cs_client     = @@character_set_client */;
/*!40101 SET character_set_client = utf8 */;
CREATE TABLE `hour` (
  `id` int(11) NOT NULL AUTO_INCREMENT,
  `issue` text,
  `started_at` datetime NOT NULL,
  `minutes` int(11) NOT NULL,
  `comments` varchar(255) DEFAULT NULL,
  `project` int(11) NOT NULL,
  `affected_to` int(11) NOT NULL,
  PRIMARY KEY (`id`),
  KEY `fk_hour_project_idx` (`project`),
  KEY `fk_hour_user1_idx` (`affected_to`),
  CONSTRAINT `fk_hour_project` FOREIGN KEY (`project`) REFERENCES `project` (`id`) ON DELETE NO ACTION ON UPDATE NO ACTION,
  CONSTRAINT `fk_hour_user1` FOREIGN KEY (`affected_to`) REFERENCES `user` (`id`) ON DELETE NO ACTION ON UPDATE NO ACTION
) ENGINE=InnoDB AUTO_INCREMENT=747 DEFAULT CHARSET=utf8;
/*!40101 SET character_set_client = @saved_cs_client */;

--
-- Dumping data for table `hour`
--

LOCK TABLES `hour` WRITE;
/*!40000 ALTER TABLE `hour` DISABLE KEYS */;
INSERT INTO `hour` VALUES (1,'TMA','2017-03-13 08:00:00',60,NULL,2,1),(2,'Mail Rachid (Recette)','2017-03-13 09:00:00',120,NULL,1,1),(3,'Mise en place des scripts','2017-03-13 12:00:00',300,NULL,4,1),(8,'Réunion','2017-03-14 08:00:00',180,NULL,7,1),(9,'','2017-03-14 12:00:00',120,NULL,1,1),(10,'403 sur la synchro','2017-03-14 14:00:00',60,NULL,8,1),(11,'','2017-03-14 15:00:00',120,NULL,4,1),(12,'TMA','2017-03-15 08:00:00',60,NULL,2,1),(14,'Formation agapes','2017-03-15 09:00:00',30,NULL,9,1),(15,'','2017-03-15 09:30:00',90,NULL,4,1),(16,'','2017-03-15 12:00:00',30,NULL,10,1),(17,'','2017-03-15 12:30:00',270,NULL,4,1),(18,'','2017-03-16 08:00:00',180,NULL,4,1),(20,'','2017-03-16 12:00:00',60,NULL,1,1),(22,'','2017-03-16 14:00:00',30,NULL,11,1),(23,'','2017-03-16 14:30:00',30,NULL,9,1),(24,'','2017-03-16 15:00:00',120,NULL,4,1),(25,'','2017-03-17 08:00:00',180,NULL,4,1),(26,'','2017-03-17 12:00:00',300,NULL,4,1),(27,'Correction rachid','2017-03-20 08:00:00',60,NULL,1,1),(28,'','2017-03-20 09:00:00',60,NULL,8,1),(29,'','2017-03-20 10:00:00',60,NULL,11,1),(30,'','2017-03-20 12:00:00',300,NULL,11,1),(31,'','2017-03-21 08:00:00',180,NULL,11,1),(33,'','2017-03-21 12:00:00',180,NULL,11,1),(34,'','2017-03-21 15:00:00',60,NULL,8,1),(35,'','2017-03-21 16:00:00',60,NULL,11,1),(36,'MEP','2017-03-22 08:00:00',180,NULL,12,1),(37,'','2017-03-22 12:00:00',30,NULL,10,1),(38,'','2017-03-22 12:30:00',210,NULL,11,1),(39,'','2017-03-22 16:00:00',60,NULL,2,1),(41,'','2017-03-23 08:00:00',180,NULL,4,1),(42,'','2017-03-23 12:00:00',60,NULL,12,1),(43,'','2017-03-23 13:00:00',120,NULL,13,1),(44,'','2017-03-23 15:00:00',120,NULL,11,1),(45,'Ticket','2017-03-24 08:00:00',60,NULL,14,1),(46,'','2017-03-24 09:00:00',30,NULL,4,1),(47,'','2017-03-24 09:30:00',90,NULL,11,1),(48,'','2017-03-24 12:00:00',300,NULL,11,1),(50,'','2017-03-24 17:00:00',344,NULL,1,1),(56,'','2017-03-27 07:00:00',30,NULL,1,1),(57,'','2017-03-27 07:30:00',150,NULL,15,1),(58,'','2017-03-27 11:00:00',300,NULL,15,1),(69,'','2017-03-28 07:00:00',180,NULL,15,1),(70,'','2017-03-28 11:00:00',300,NULL,15,1),(71,'','2017-03-29 07:00:00',180,NULL,13,1),(72,'','2017-03-29 11:00:00',300,NULL,13,1),(74,'','2017-03-30 07:00:00',240,NULL,15,1),(75,'','2017-03-30 12:00:00',240,NULL,15,1),(76,'','2017-03-31 07:00:00',240,NULL,15,1),(77,'','2017-03-31 12:00:00',240,NULL,15,1),(90,'','2017-04-10 07:00:00',120,NULL,16,1),(91,'','2017-04-10 09:00:00',60,NULL,18,1),(92,'','2017-04-10 10:00:00',60,NULL,13,1),(93,'','2017-04-10 12:00:00',60,NULL,19,1),(95,'Mise en place suivi projet','2017-04-10 13:00:00',120,NULL,20,1),(96,'','2017-04-10 15:00:00',30,NULL,12,1),(98,'Préparation formation','2017-04-10 15:30:00',30,NULL,15,1),(99,'','2017-04-11 07:00:00',30,NULL,7,1),(100,'','2017-04-11 07:30:00',30,NULL,4,1),(102,'','2017-04-11 08:00:00',120,NULL,7,1),(103,'','2017-04-11 11:00:00',60,NULL,20,1),(104,'','2017-04-11 12:00:00',120,NULL,18,1),(105,'','2017-04-11 14:00:00',90,NULL,20,1),(106,'','2017-04-11 07:00:00',180,NULL,20,2),(107,'','2017-04-11 12:00:00',240,NULL,20,2),(108,'','2017-04-11 15:00:00',60,NULL,7,1),(109,'','2017-04-12 07:00:00',180,NULL,15,1),(110,'','2017-04-12 11:00:00',240,NULL,13,1),(111,'','2017-04-10 12:00:00',240,NULL,20,2),(112,'','2017-04-12 07:00:00',180,NULL,20,2),(114,'','2017-04-12 15:00:00',60,NULL,20,1),(115,'','2017-04-13 07:00:00',240,NULL,15,1),(116,'','2017-04-13 12:00:00',240,NULL,15,1),(120,'','2017-04-14 07:00:00',20,NULL,20,1),(121,'','2017-04-14 07:20:00',40,NULL,4,1),(122,'','2017-04-14 08:00:00',60,NULL,2,1),(123,'','2017-04-14 09:00:00',30,NULL,4,1),(124,'','2017-04-14 09:30:00',90,NULL,11,1),(125,'','2017-04-14 12:00:00',30,NULL,10,1),(126,'','2017-04-14 12:30:00',60,NULL,11,1),(127,'','2017-04-14 13:30:00',150,NULL,9,1),(129,'','2017-04-18 07:00:00',60,NULL,9,1),(130,'','2017-04-18 08:00:00',30,NULL,4,1),(131,'','2017-04-13 07:00:00',180,NULL,20,2),(132,'','2017-04-13 11:00:00',120,NULL,20,2),(133,'','2017-04-13 14:00:00',120,NULL,20,2),(134,'','2017-04-14 07:00:00',80,NULL,20,2),(135,'','2017-04-14 09:15:00',45,NULL,20,2),(136,'','2017-04-18 07:00:00',180,NULL,20,2),(137,'','2017-04-14 11:30:00',210,NULL,20,2),(138,'','2017-04-18 08:30:00',90,NULL,11,1),(139,'','2017-04-18 11:00:00',270,NULL,11,1),(140,'','2017-04-18 15:30:00',30,NULL,20,1),(141,'','2017-04-19 07:00:00',240,NULL,11,1),(142,'','2017-04-19 12:00:00',240,NULL,11,1),(143,'','2017-04-20 07:00:00',60,NULL,25,1),(144,'','2017-04-20 08:00:00',150,NULL,24,1),(145,'','2017-04-20 11:30:00',270,NULL,24,1),(146,'Bug sur l\'application','2017-04-21 07:00:00',90,NULL,28,1),(147,'','2017-04-21 08:30:00',90,NULL,9,1),(148,'','2017-04-21 11:00:00',60,NULL,28,1),(149,'','2017-04-21 12:00:00',210,NULL,24,1),(150,'','2017-04-21 15:30:00',30,NULL,9,1),(151,'','2017-04-18 12:00:00',210,NULL,20,2),(152,'','2017-04-19 07:00:00',180,NULL,20,2),(153,'','2017-04-19 12:30:00',90,NULL,20,2),(154,'','2017-04-19 15:15:00',45,NULL,20,2),(155,'','2017-04-20 07:00:00',180,NULL,20,2),(156,'','2017-04-20 11:45:00',255,NULL,20,2),(157,'','2017-04-21 07:00:00',180,NULL,20,2),(158,'','2017-04-21 11:15:00',285,NULL,20,2),(159,'','2017-04-24 07:00:00',180,NULL,11,1),(160,'','2017-04-24 10:00:00',30,NULL,13,1),(161,'','2017-04-24 11:30:00',210,NULL,11,1),(162,'','2017-04-24 15:00:00',60,NULL,16,1),(163,'','2017-04-25 07:00:00',60,NULL,25,1),(164,'','2017-04-25 08:00:00',120,NULL,28,1),(165,'','2017-04-25 11:00:00',60,NULL,28,1),(166,'','2017-04-25 12:00:00',120,NULL,4,1),(167,'','2017-04-25 14:00:00',120,NULL,24,1),(168,'','2017-04-26 07:00:00',30,NULL,24,1),(169,'','2017-04-26 07:30:00',90,NULL,4,1),(170,'','2017-04-26 09:00:00',60,NULL,24,1),(171,'','2017-04-26 11:00:00',60,NULL,24,1),(172,'','2017-04-26 12:00:00',30,NULL,10,1),(173,'','2017-04-26 07:00:00',180,NULL,20,2),(174,'','2017-04-26 12:00:00',30,NULL,10,2),(175,'','2017-04-26 12:30:00',210,NULL,24,1),(176,'','2017-04-24 07:00:00',180,NULL,20,2),(177,'','2017-04-24 12:00:00',240,NULL,20,2),(178,'','2017-04-25 07:00:00',180,NULL,20,2),(179,'','2017-04-25 12:00:00',240,NULL,20,2),(180,'','2017-04-26 13:00:00',180,NULL,20,2),(182,'','2017-04-27 07:00:00',180,NULL,24,1),(183,'','2017-04-27 11:00:00',120,NULL,13,1),(184,'Chiffrage Terra projet Breathe UP','2017-04-27 13:00:00',60,NULL,9,1),(185,'','2017-04-27 14:00:00',90,NULL,24,1),(186,'','2017-04-27 07:00:00',180,NULL,20,2),(187,'','2017-04-27 11:50:00',250,NULL,20,2),(188,'','2017-04-27 15:30:00',30,NULL,25,1),(189,'','2017-04-28 07:00:00',30,NULL,25,1),(190,'','2017-04-28 07:30:00',30,NULL,20,1),(191,'','2017-04-28 08:00:00',120,NULL,24,1),(192,'','2017-04-28 11:00:00',300,NULL,24,1),(193,'','2017-05-02 07:00:00',30,NULL,28,1),(194,'','2017-04-28 07:00:00',30,NULL,20,2),(195,'','2017-04-28 08:00:00',120,NULL,20,2),(196,'','2017-04-28 12:00:00',240,NULL,20,2),(197,'','2017-05-02 07:30:00',150,NULL,26,1),(198,'','2017-05-02 11:00:00',30,NULL,28,1),(199,'','2017-05-02 11:30:00',30,NULL,20,1),(200,'','2017-05-02 12:00:00',30,NULL,28,1),(201,'','2017-05-02 12:30:00',30,NULL,26,1),(202,'','2017-05-02 13:00:00',60,NULL,24,1),(203,'Solvay v2','2017-05-02 14:00:00',60,NULL,9,1),(204,'','2017-05-02 15:00:00',30,NULL,24,1),(205,'','2017-05-02 07:15:00',165,NULL,20,2),(206,'','2017-05-02 12:30:00',75,NULL,27,2),(207,'','2017-05-02 13:45:00',145,NULL,20,2),(208,'','2017-05-02 15:30:00',30,NULL,9,1),(209,'','2017-05-02 11:30:00',60,NULL,20,2),(210,'','2017-05-03 07:00:00',90,NULL,29,1),(211,'','2017-05-03 08:30:00',90,NULL,11,1),(212,'','2017-05-03 10:00:00',30,NULL,13,1),(213,'','2017-05-03 10:30:00',60,NULL,29,1),(215,'','2017-05-03 11:30:00',30,NULL,11,1),(216,'','2017-05-03 12:00:00',30,NULL,10,1),(217,'','2017-05-03 12:30:00',210,NULL,11,1),(218,'','2017-05-04 07:00:00',120,NULL,4,1),(219,'','2017-05-04 07:00:00',120,NULL,4,2),(220,'','2017-05-03 07:00:00',90,NULL,20,2),(221,'','2017-05-03 12:00:00',30,NULL,10,2),(222,'','2017-05-03 12:30:00',210,NULL,20,2),(223,'','2017-05-03 09:00:00',60,NULL,20,2),(224,'','2017-05-04 09:00:00',60,NULL,24,1),(225,'','2017-05-04 11:00:00',30,NULL,24,1),(226,'','2017-05-04 11:30:00',90,NULL,9,1),(227,'','2017-05-04 13:00:00',30,NULL,29,1),(228,'TMA - Ajout utilisateur à la white list','2017-05-04 13:30:00',30,NULL,2,1),(229,'','2017-05-04 09:00:00',60,NULL,4,2),(230,'','2017-05-04 11:45:00',60,NULL,2,2),(231,'','2017-05-04 12:45:00',30,NULL,9,2),(232,'','2017-05-04 13:15:00',165,NULL,4,2),(233,'','2017-05-04 14:00:00',120,NULL,26,1),(235,'','2017-05-05 07:00:00',180,NULL,26,1),(236,'Check de ses diagrammes + Mail de récap','2017-05-05 11:00:00',60,NULL,29,1),(237,'','2017-05-05 12:00:00',60,NULL,26,1),(238,'','2017-05-05 13:00:00',60,NULL,2,1),(239,'','2017-05-05 14:00:00',60,NULL,26,1),(240,'','2017-05-05 07:30:00',150,NULL,4,2),(241,'','2017-05-05 11:45:00',255,NULL,4,2),(242,'','2017-05-05 15:00:00',60,NULL,11,1),(243,'TMA Kiloutou','2017-05-09 07:00:00',30,NULL,30,1),(244,'','2017-05-09 07:30:00',120,NULL,11,1),(245,'Point restructuration DGC','2017-05-09 09:30:00',60,NULL,13,1),(246,'TMA Kiloutou','2017-05-09 11:30:00',30,NULL,31,1),(247,'Support','2017-05-09 12:00:00',60,NULL,26,1),(248,'Point avec Thomas, Felix & Vincent','2017-05-09 13:00:00',60,NULL,4,1),(249,'','2017-05-09 14:00:00',120,NULL,9,1),(250,'','2017-05-10 07:00:00',180,NULL,11,1),(251,'','2017-05-09 07:00:00',150,NULL,4,2),(252,'','2017-05-09 09:30:00',60,NULL,13,2),(253,'','2017-05-09 12:00:00',240,NULL,4,2),(255,'','2017-05-10 11:00:00',60,NULL,11,1),(256,'','2017-05-10 12:00:00',30,NULL,10,1),(257,'','2017-05-10 12:30:00',210,NULL,11,1),(258,'','2017-05-10 12:00:00',30,NULL,10,2),(259,'','2017-05-10 09:00:00',30,NULL,13,2),(260,'','2017-05-10 07:00:00',120,NULL,4,2),(261,'','2017-05-10 09:30:00',30,NULL,4,2),(262,'','2017-05-10 12:30:00',210,NULL,4,2),(263,'','2017-05-11 07:00:00',180,NULL,11,1),(264,'','2017-05-11 09:45:00',30,NULL,33,2),(265,'','2017-05-11 12:00:00',150,NULL,33,2),(266,'','2017-05-11 11:00:00',300,NULL,11,1),(267,'','2017-05-11 07:00:00',165,NULL,4,2),(268,'','2017-05-11 14:30:00',90,NULL,4,2),(270,'','2017-05-12 12:00:00',210,NULL,4,2),(271,'','2017-05-12 07:00:00',30,NULL,4,2),(272,'','2017-05-12 15:30:00',30,NULL,32,2),(273,'','2017-05-15 07:00:00',60,NULL,34,1),(274,'','2017-05-15 08:00:00',60,NULL,4,1),(275,'','2017-05-15 07:00:00',420,NULL,4,7),(276,'','2017-05-15 09:00:00',60,NULL,13,2),(277,'','2017-05-15 07:00:00',120,NULL,3,2),(278,'','2017-05-15 09:00:00',90,NULL,13,1),(279,'','2017-05-15 11:30:00',210,NULL,34,1),(280,'','2017-05-15 15:00:00',60,NULL,4,1),(281,'','2017-05-15 12:00:00',195,NULL,3,2),(282,'','2017-05-15 15:15:00',30,NULL,20,2),(283,'','2017-05-15 15:45:00',30,NULL,4,2),(284,'','2017-05-12 07:00:00',180,NULL,35,1),(285,'','2017-05-12 11:00:00',300,NULL,35,1),(286,'','2017-05-16 07:00:00',220,NULL,20,2),(287,'','2017-05-16 07:00:00',180,NULL,4,1),(288,'','2017-05-16 11:00:00',120,NULL,18,1),(289,'','2017-05-16 13:00:00',180,NULL,34,1),(290,'','2017-05-17 07:00:00',180,NULL,34,1),(291,'','2017-05-17 11:00:00',300,NULL,34,1),(292,'','2017-05-18 07:00:00',180,NULL,34,1),(293,'','2017-05-18 11:00:00',240,NULL,34,1),(297,'','2017-05-22 07:00:00',180,NULL,4,2),(298,'','2017-05-22 07:00:00',180,NULL,4,1),(299,'','2017-05-22 11:00:00',240,NULL,4,1),(300,'','2017-05-22 15:00:00',60,NULL,34,1),(301,'','2017-05-23 07:00:00',180,NULL,3,2),(302,'','2017-05-23 11:00:00',300,NULL,3,2),(303,'','2017-05-22 12:00:00',275,NULL,4,2),(304,'','2017-05-11 07:00:00',420,NULL,4,7),(305,'','2017-05-12 07:00:00',420,NULL,4,7),(306,'','2017-05-23 07:00:00',60,NULL,4,1),(307,'','2017-05-23 08:00:00',120,NULL,18,1),(308,'','2017-05-16 07:00:00',420,NULL,4,7),(309,'','2017-05-17 07:00:00',420,NULL,4,7),(310,'','2017-05-18 07:00:00',420,NULL,4,7),(312,'','2017-05-22 07:00:00',420,NULL,4,7),(313,'','2017-05-16 12:00:00',240,NULL,4,2),(314,'','2017-05-17 07:00:00',180,NULL,3,2),(315,'','2017-05-17 12:00:00',30,NULL,10,2),(316,'','2017-05-17 12:30:00',120,NULL,3,2),(317,'','2017-05-17 14:30:00',150,NULL,13,2),(318,'','2017-05-18 07:00:00',180,NULL,4,2),(319,'','2017-05-18 12:00:00',240,NULL,4,2),(320,'','2017-05-19 07:00:00',180,NULL,4,2),(321,'','2017-05-19 11:45:00',255,NULL,4,2),(322,'','2017-05-23 11:00:00',180,NULL,18,1),(323,'','2017-05-23 14:00:00',60,NULL,34,1),(324,'','2017-05-23 15:00:00',60,NULL,18,1),(325,'','2017-05-24 07:00:00',195,NULL,3,2),(326,'','2017-05-24 11:15:00',285,NULL,3,2),(329,'','2017-05-29 07:00:00',180,NULL,24,1),(330,'','2017-05-29 11:00:00',300,NULL,24,1),(331,'','2017-05-23 07:00:00',420,NULL,4,7),(332,'','2017-05-24 07:00:00',420,NULL,4,7),(333,'','2017-05-29 07:00:00',180,NULL,4,2),(335,'','2017-05-26 07:00:00',480,NULL,35,2),(336,'','2017-05-29 11:15:00',60,NULL,4,2),(337,'','2017-05-29 12:15:00',225,NULL,3,2),(339,'','2017-05-30 07:00:00',480,NULL,3,2),(340,'','2017-05-31 07:00:00',480,NULL,3,2),(341,'','2017-05-30 07:00:00',60,NULL,18,1),(342,'','2017-05-30 08:00:00',60,NULL,36,1),(343,'','2017-05-30 09:00:00',60,NULL,34,1),(344,'','2017-05-30 11:00:00',240,NULL,34,1),(345,'','2017-05-30 15:00:00',60,NULL,24,1),(346,'','2017-05-31 07:00:00',60,NULL,24,1),(347,'','2017-05-31 08:00:00',180,NULL,34,1),(348,'','2017-06-01 07:00:00',30,NULL,4,1),(349,'','2017-06-01 07:30:00',30,NULL,39,1),(350,'','2017-06-01 07:00:00',180,NULL,3,2),(351,'','2017-06-01 12:15:00',225,NULL,4,2),(352,'','2017-06-01 08:00:00',120,NULL,34,1),(353,'','2017-06-01 11:00:00',300,NULL,34,1),(354,'','2017-06-02 07:00:00',120,NULL,4,2),(355,'','2017-06-02 07:00:00',60,NULL,4,1),(356,'','2017-06-02 09:00:00',90,NULL,34,2),(357,'','2017-06-02 11:45:00',165,NULL,34,2),(358,'','2017-06-02 14:30:00',35,NULL,4,2),(359,'','2017-06-02 15:05:00',60,NULL,34,2),(360,'','2017-06-02 08:00:00',420,NULL,34,1),(361,'','2017-06-05 07:00:00',480,NULL,34,1),(362,'','2017-06-05 07:00:00',480,NULL,35,2),(363,'','2017-06-06 07:00:00',480,NULL,3,2),(364,'','2017-06-06 07:00:00',480,NULL,34,1),(366,'','2017-06-07 07:00:00',30,NULL,4,1),(367,'','2017-06-07 07:30:00',150,NULL,34,1),(368,'','2017-06-07 07:00:00',240,NULL,3,2),(369,'','2017-06-07 12:00:00',30,NULL,10,2),(370,'','2017-06-07 11:00:00',60,NULL,34,1),(371,'','2017-06-07 12:00:00',30,NULL,10,1),(372,'','2017-06-07 12:30:00',120,NULL,3,2),(373,'','2017-06-08 07:00:00',240,NULL,26,1),(374,'','2017-06-09 07:00:00',240,NULL,35,1),(375,'','2017-06-08 12:00:00',240,NULL,34,1),(376,'','2017-06-07 14:30:00',90,NULL,34,2),(377,'','2017-06-08 07:00:00',120,NULL,34,2),(378,'','2017-06-08 09:00:00',60,NULL,4,2),(379,'','2017-06-08 11:45:00',285,NULL,4,2),(380,'','2017-06-09 12:00:00',240,NULL,34,1),(381,'','2017-06-12 07:00:00',180,NULL,34,1),(382,'','2017-06-12 07:00:00',480,NULL,3,2),(383,'','2017-06-12 11:00:00',300,NULL,34,1),(384,'','2017-06-13 07:00:00',60,NULL,4,1),(385,'','2017-06-13 08:00:00',60,NULL,36,1),(386,'','2017-06-13 09:00:00',60,NULL,4,1),(387,'','2017-06-13 11:00:00',300,NULL,34,1),(388,'','2017-06-14 07:00:00',120,NULL,25,1),(389,'','2017-06-14 09:00:00',60,NULL,24,1),(390,'','2017-06-13 07:00:00',480,NULL,3,2),(391,'','2017-06-14 07:00:00',195,NULL,3,2),(392,'','2017-06-14 12:00:00',240,NULL,34,2),(393,'','2017-06-09 07:00:00',180,NULL,34,2),(394,'','2017-06-09 12:00:00',240,NULL,34,2),(395,'','2017-06-14 11:00:00',300,NULL,34,1),(396,'','2017-06-15 07:00:00',120,NULL,25,1),(397,'','2017-06-15 09:00:00',60,NULL,40,1),(398,'','2017-06-15 11:00:00',30,NULL,10,1),(399,'','2017-06-15 12:00:00',45,NULL,10,2),(400,'','2017-06-15 12:45:00',195,NULL,34,2),(401,'','2017-06-15 07:00:00',180,NULL,34,2),(402,'','2017-06-16 07:00:00',90,NULL,24,1),(403,'','2017-06-16 08:30:00',30,NULL,4,1),(404,'','2017-06-16 09:00:00',60,NULL,34,1),(405,'','2017-06-16 11:00:00',300,NULL,34,1),(406,'','2017-06-07 12:30:00',210,NULL,4,1),(407,'','2017-06-15 11:30:00',270,NULL,34,1),(408,'','2017-06-16 07:00:00',180,NULL,34,2),(409,'','2017-06-16 11:30:00',75,NULL,20,2),(410,'','2017-06-19 07:00:00',60,NULL,4,1),(411,'','2017-06-19 08:00:00',30,NULL,41,1),(412,'','2017-06-16 12:45:00',120,NULL,34,2),(413,'','2017-06-16 14:45:00',75,NULL,20,2),(414,'','2017-06-19 08:30:00',90,NULL,4,1),(415,'','2017-06-19 11:00:00',300,NULL,4,1),(416,'','2017-06-20 07:00:00',180,NULL,4,1),(417,'','2017-06-20 11:00:00',300,NULL,34,1),(418,'formation','2017-06-01 07:45:00',480,NULL,34,10),(419,'formation','2017-06-02 08:00:00',480,NULL,34,10),(420,'Create / Update / delete user DB','2017-06-05 07:40:00',480,NULL,34,10),(421,'Create / Update / delete user DB','2017-06-06 07:45:00',480,NULL,34,10),(422,'Create / Update / delete user DB','2017-06-07 08:00:00',460,NULL,34,10),(423,'Calcul différence avant / après update','2017-06-09 08:00:00',450,NULL,34,10),(424,'Calcul différence avant / après update','2017-06-12 08:00:00',455,NULL,34,10),(425,'Tests unitaires','2017-06-13 08:10:00',450,NULL,34,10),(426,'Tests unitaires','2017-06-14 07:50:00',450,NULL,34,10),(427,'Tests unitaires','2017-06-15 07:45:00',475,NULL,34,10),(428,'Tests unitaires','2017-06-16 07:40:00',400,NULL,34,10),(429,'Tests unitaires','2017-06-19 07:50:00',455,NULL,34,10),(430,'Tests unitaires','2017-06-20 07:35:00',485,NULL,34,10),(431,'calcul différences et groupes impactés','2017-06-08 07:45:00',465,NULL,34,10),(432,'','2017-06-21 07:00:00',120,NULL,2,1),(433,'','2017-06-21 09:00:00',60,NULL,34,1),(437,'','2017-06-09 12:00:00',240,NULL,34,7),(438,'','2017-06-12 07:00:00',420,NULL,34,7),(439,'','2017-06-13 07:00:00',420,NULL,34,7),(440,'','2017-06-14 07:00:00',420,NULL,34,7),(441,'','2017-06-15 12:54:00',420,NULL,34,7),(442,'','2017-06-16 12:55:00',420,NULL,34,7),(443,'','2017-06-20 12:00:00',240,NULL,34,7),(444,'','2017-06-20 07:00:00',480,NULL,3,2),(445,'','2017-06-19 12:00:00',240,NULL,4,2),(446,'','2017-06-21 07:00:00',30,NULL,3,2),(447,'','2017-06-21 07:30:00',30,NULL,34,2),(448,'','2017-06-21 08:00:00',135,NULL,3,2),(449,'','2017-06-21 12:00:00',30,NULL,10,2),(450,'','2017-06-21 12:30:00',30,NULL,3,2),(451,'','2017-06-21 13:00:00',180,NULL,34,2),(452,'','2017-06-19 08:00:00',60,NULL,13,2),(453,'','2017-06-19 07:00:00',60,NULL,3,2),(454,'','2017-06-19 09:00:00',120,NULL,3,2),(455,'','2017-06-21 07:39:00',460,NULL,34,10),(456,'','2017-06-21 16:00:00',60,NULL,4,2),(457,'','2017-06-22 07:00:00',30,NULL,4,1),(458,'','2017-06-22 07:30:00',30,NULL,2,1),(459,'','2017-06-22 07:00:00',30,NULL,4,2),(460,'','2017-06-22 07:40:00',455,NULL,34,10),(461,'','2017-06-22 07:30:00',165,NULL,34,2),(462,'','2017-06-22 11:30:00',280,NULL,34,2),(463,'','2017-06-22 16:10:00',5,NULL,34,2),(464,'','2017-06-23 15:00:00',30,NULL,3,2),(465,'','2017-06-23 07:00:00',180,NULL,34,2),(466,'','2017-06-23 12:00:00',180,NULL,34,2),(467,'','2017-06-23 07:36:00',480,NULL,34,10),(468,'','2017-06-23 07:00:00',480,NULL,34,1),(469,'','2017-06-26 07:00:00',60,NULL,34,1),(470,'','2017-06-26 08:00:00',60,NULL,16,1),(472,'','2017-06-26 09:00:00',60,NULL,34,1),(473,'','2017-06-26 11:00:00',300,NULL,34,1),(474,'','2017-06-27 07:00:00',180,NULL,34,1),(475,'','2017-06-26 07:00:00',480,NULL,3,2),(476,'','2017-06-27 07:00:00',480,NULL,3,2),(477,'','2017-06-26 07:35:00',465,NULL,34,10),(478,'','2017-06-28 07:00:00',180,NULL,3,2),(479,'','2017-06-27 11:00:00',300,NULL,34,1),(480,'','2017-06-22 08:00:00',120,NULL,34,1),(481,'','2017-06-22 11:00:00',300,NULL,34,1),(482,'','2017-06-21 11:00:00',30,NULL,10,1),(483,'','2017-06-21 11:30:00',270,NULL,34,1),(484,'','2017-06-27 07:35:00',505,NULL,34,10),(485,'TMA','2017-06-28 07:00:00',60,NULL,16,1),(486,'','2017-06-28 10:00:00',60,NULL,13,2),(487,'','2017-06-28 12:30:00',30,NULL,10,2),(488,'','2017-06-28 07:45:00',465,NULL,34,10),(489,'','2017-06-26 12:00:00',240,NULL,34,7),(490,'','2017-06-27 07:00:00',420,NULL,34,7),(491,'','2017-06-28 07:00:00',420,NULL,34,7),(492,'','2017-06-29 07:00:00',420,NULL,34,7),(493,'','2017-06-29 07:00:00',480,NULL,34,1),(494,'','2017-06-29 07:45:00',450,NULL,34,10),(495,'','2017-06-30 07:45:00',450,NULL,34,10),(496,'','2017-06-30 07:00:00',120,NULL,19,1),(497,'','2017-06-30 09:00:00',360,NULL,34,1),(498,'','2017-07-03 07:00:00',480,NULL,41,1),(499,'','2017-07-07 07:00:00',480,NULL,41,1),(500,'','2017-07-04 07:00:00',480,NULL,34,1),(501,'','2017-07-05 07:00:00',450,NULL,34,1),(502,'','2017-07-06 07:00:00',60,NULL,4,1),(503,'','2017-07-05 14:30:00',30,NULL,10,1),(504,'','2017-07-06 08:00:00',420,NULL,34,1),(505,'','2017-07-06 07:00:00',480,NULL,3,2),(506,'','2017-07-03 07:00:00',480,NULL,3,2),(507,'','2017-07-05 07:00:00',450,NULL,3,2),(508,'','2017-07-05 14:30:00',30,NULL,10,2),(509,'','2017-07-03 07:36:00',480,NULL,42,10),(510,'','2017-07-04 07:45:00',480,NULL,42,10),(511,'','2017-07-05 07:40:00',480,NULL,42,10),(512,'','2017-07-06 07:30:00',480,NULL,42,10),(513,'','2017-07-07 07:30:00',450,NULL,42,10),(514,'','2017-07-10 07:00:00',180,NULL,34,1),(515,'','2017-07-10 11:00:00',30,NULL,2,1),(516,'','2017-07-10 11:30:00',270,NULL,34,1),(517,'','2017-07-10 07:00:00',480,NULL,3,2),(518,'','2017-07-11 07:00:00',480,NULL,34,1),(519,'','2017-07-12 07:00:00',135,NULL,44,2),(520,'','2017-07-11 07:00:00',430,NULL,44,2),(521,'','2017-07-07 07:00:00',480,NULL,3,2),(522,'','2017-07-04 07:00:00',180,NULL,44,2),(523,'','2017-07-04 12:00:00',60,NULL,44,2),(524,'','2017-07-04 13:00:00',180,NULL,3,2),(525,'','2017-07-12 09:25:00',50,NULL,3,2),(526,'','2017-07-12 12:30:00',210,NULL,3,2),(527,'','2017-07-13 07:00:00',480,NULL,35,2),(528,'','2017-07-14 07:00:00',480,NULL,35,2),(529,'','2017-07-12 07:00:00',360,NULL,34,1),(530,'','2017-07-12 13:00:00',120,NULL,45,1),(531,'','2017-07-13 07:00:00',60,NULL,4,1),(532,'','2017-07-13 08:00:00',120,NULL,34,1),(533,'','2017-07-13 11:00:00',300,NULL,11,1),(535,'','2017-07-17 07:00:00',480,NULL,3,2),(536,'','2017-07-17 07:00:00',60,NULL,4,1),(537,'','2017-07-17 08:00:00',180,NULL,34,1),(538,'','2017-07-17 12:00:00',60,NULL,46,1),(539,'','2017-07-17 13:00:00',180,NULL,34,1),(540,'','2017-07-18 07:00:00',360,NULL,46,1),(541,'','2017-07-18 13:00:00',120,NULL,34,1),(542,'','2017-07-18 07:00:00',480,NULL,3,2),(543,'','2017-07-12 12:00:00',30,NULL,10,2),(544,'','2017-07-19 07:00:00',60,NULL,34,1),(545,'','2017-07-19 08:00:00',120,NULL,46,1),(546,'','2017-07-19 11:00:00',30,NULL,10,1),(547,'','2017-07-19 11:30:00',270,NULL,46,1),(548,'','2017-07-20 07:00:00',90,NULL,4,1),(549,'','2017-07-20 08:30:00',90,NULL,46,1),(550,'','2017-07-20 11:00:00',300,NULL,46,1),(551,'','2017-07-21 07:00:00',150,NULL,46,1),(552,'','2017-07-21 09:30:00',90,NULL,34,1),(553,'','2017-07-21 12:00:00',240,NULL,46,1),(554,'','2017-07-24 07:00:00',120,NULL,46,1),(555,'','2017-07-24 09:00:00',60,NULL,34,1),(556,'','2017-07-24 11:00:00',180,NULL,34,1),(557,'','2017-07-24 07:00:00',480,NULL,3,2),(558,'','2017-07-25 07:00:00',480,NULL,3,2),(559,'','2017-07-21 11:45:00',260,NULL,3,2),(560,'','2017-07-21 07:00:00',60,NULL,2,2),(561,'','2017-07-19 12:00:00',30,NULL,10,2),(562,'','2017-07-19 07:00:00',60,NULL,4,2),(563,'','2017-07-19 08:00:00',120,NULL,34,2),(564,'','2017-07-19 12:30:00',210,NULL,34,2),(565,'','2017-07-20 07:00:00',450,NULL,34,2),(566,'','2017-07-21 08:00:00',120,NULL,47,2),(567,'','2017-07-24 14:00:00',120,NULL,46,1),(568,'','2017-07-25 07:00:00',480,NULL,46,1),(569,'','2017-07-26 07:00:00',180,NULL,46,1),(570,'','2017-07-26 06:00:00',480,NULL,3,2),(571,'','2017-07-27 07:00:00',480,NULL,3,2),(572,'','2017-07-31 07:00:00',480,NULL,3,2),(573,'','2017-07-26 11:00:00',240,NULL,46,1),(574,'','2017-07-26 15:00:00',60,NULL,4,1),(576,'','2017-07-28 07:00:00',480,NULL,46,1),(577,'','2017-07-27 07:00:00',480,NULL,46,1),(578,'','2017-07-31 07:00:00',480,NULL,46,1),(580,'','2017-07-28 06:00:00',480,NULL,3,2),(581,'','2017-08-01 07:00:00',480,NULL,4,1),(583,'','2017-08-01 07:00:00',480,NULL,13,2),(584,'','2017-08-02 07:00:00',480,NULL,3,2),(585,'','2017-08-02 07:00:00',180,NULL,46,1),(586,'','2017-08-02 11:00:00',30,NULL,10,1),(587,'','2017-08-02 11:30:00',270,NULL,46,1),(588,'','2017-08-02 23:00:00',480,NULL,13,2),(589,'','2017-08-03 07:00:00',420,NULL,46,1),(590,'','2017-08-03 14:00:00',60,NULL,4,1),(593,'','2017-08-04 07:00:00',60,NULL,4,1),(594,'','2017-08-04 08:00:00',30,NULL,48,1),(595,'','2017-08-04 08:30:00',90,NULL,46,1),(596,'','2017-08-04 11:00:00',300,NULL,46,1),(597,'','2017-08-04 06:00:00',480,NULL,3,2),(600,'','2017-08-07 07:00:00',480,NULL,3,2),(601,'','2017-08-07 07:00:00',180,NULL,46,1),(602,'','2017-08-07 11:00:00',300,NULL,46,1),(603,'','2017-08-08 06:00:00',480,NULL,3,2),(604,'','2017-08-08 07:00:00',180,NULL,46,1),(605,'exercice pour entretien','2017-08-08 11:00:00',180,NULL,13,1),(606,'','2017-08-08 14:00:00',120,NULL,46,1),(607,'','2017-08-09 07:00:00',480,NULL,46,1),(608,'','2017-08-09 07:00:00',480,NULL,3,2),(609,'Evolutions v1','2017-08-10 06:00:00',480,NULL,51,2),(610,'','2017-08-10 23:00:00',480,NULL,35,2),(611,'','2017-08-13 23:00:00',480,NULL,35,2),(612,'','2017-08-14 23:00:00',480,NULL,35,2),(613,'','2017-08-10 07:00:00',60,NULL,42,1),(614,'Jenkins','2017-08-10 08:00:00',120,NULL,13,1),(615,'','2017-08-10 11:00:00',120,NULL,42,1),(616,'','2017-08-01 07:00:00',30,NULL,53,6),(618,'','2017-08-01 07:30:00',30,NULL,59,6),(619,'','2017-08-01 08:00:00',60,NULL,60,6),(620,'','2017-08-01 09:00:00',60,NULL,53,6),(621,'','2017-08-01 11:00:00',300,NULL,53,6),(622,'','2017-08-02 07:00:00',60,NULL,53,6),(623,'','2017-08-02 08:00:00',60,NULL,59,6),(624,'Planification jardiland + dev Vincent pour Todd','2017-08-02 09:00:00',30,NULL,13,6),(625,'','2017-08-02 09:30:00',30,NULL,59,6),(626,'','2017-08-02 11:30:00',30,NULL,59,6),(627,'','2017-08-02 12:00:00',30,NULL,10,6),(628,'REXP prestas','2017-08-02 12:30:00',30,NULL,13,6),(629,'','2017-08-02 13:00:00',30,NULL,59,6),(630,'','2017-08-02 14:00:00',60,NULL,56,6),(631,'','2017-08-02 15:00:00',30,NULL,58,6),(632,'Préparation réunion Août','2017-08-02 15:30:00',30,NULL,55,6),(633,'Jenkins','2017-08-10 13:00:00',180,NULL,13,1),(634,'','2017-08-03 07:00:00',30,NULL,50,6),(635,'','2017-08-03 07:30:00',30,NULL,56,6),(636,'','2017-08-03 08:00:00',30,NULL,59,6),(637,'','2017-08-03 08:30:00',90,NULL,52,6),(638,'','2017-08-03 12:00:00',30,NULL,59,6),(639,'','2017-08-03 12:30:00',60,NULL,54,6),(640,'','2017-08-03 13:30:00',30,NULL,42,6),(641,'','2017-08-03 14:00:00',30,NULL,52,6),(642,'','2017-08-03 14:30:00',60,NULL,59,6),(643,'','2017-08-04 07:00:00',30,NULL,52,6),(644,'','2017-08-04 07:30:00',30,NULL,54,6),(645,'','2017-08-04 08:00:00',30,NULL,59,6),(646,'','2017-08-04 09:00:00',30,NULL,42,6),(647,'','2017-08-04 09:30:00',30,NULL,59,6),(648,'Réunion août','2017-08-04 12:00:00',60,NULL,55,6),(649,'','2017-08-04 13:00:00',120,NULL,59,6),(650,'Préparation retour congés Thomas','2017-08-07 07:00:00',30,NULL,13,6),(651,'','2017-08-07 07:30:00',30,NULL,52,6),(652,'','2017-08-07 08:00:00',30,NULL,59,6),(653,'','2017-08-07 08:30:00',90,NULL,52,6),(654,'point équipe Lyon','2017-08-07 12:00:00',30,NULL,13,6),(655,'','2017-08-07 12:30:00',30,NULL,55,6),(656,'Prépa MEP','2017-08-07 13:00:00',120,NULL,52,6),(657,'Point retour Thomas','2017-08-07 15:00:00',90,NULL,13,6),(658,'','2017-08-08 07:00:00',30,NULL,56,6),(659,'','2017-08-08 07:30:00',90,NULL,59,6),(660,'','2017-08-08 09:00:00',60,NULL,52,6),(661,'AVV McDonalds','2017-08-08 12:00:00',60,NULL,57,6),(662,'','2017-08-08 13:00:00',120,NULL,52,6),(663,'','2017-08-09 07:00:00',30,NULL,42,6),(664,'','2017-08-09 07:30:00',30,NULL,52,6),(665,'','2017-08-09 08:00:00',30,NULL,59,6),(666,'','2017-08-09 09:30:00',30,NULL,42,6),(667,'','2017-08-09 12:00:00',60,NULL,10,6),(668,'','2017-08-09 13:00:00',30,NULL,58,6),(669,'','2017-08-09 14:00:00',60,NULL,56,6),(670,'','2017-08-09 15:00:00',60,NULL,42,6),(671,'','2017-08-10 07:00:00',30,NULL,58,6),(672,'','2017-08-10 07:30:00',30,NULL,42,6),(673,'','2017-08-10 08:00:00',30,NULL,59,6),(674,'','2017-08-10 08:30:00',30,NULL,58,6),(675,'Formation tests unitaires','2017-08-10 09:00:00',60,NULL,13,6),(676,'','2017-08-10 12:00:00',60,NULL,59,6),(677,'','2017-08-10 13:00:00',30,NULL,58,6),(678,'','2017-08-10 13:30:00',30,NULL,59,6),(679,'Prépa MEP','2017-08-10 14:00:00',60,NULL,52,6),(680,'','2017-08-10 15:00:00',30,NULL,59,6),(681,'','2017-08-10 15:30:00',30,NULL,58,6),(682,'Mise à jour planning','2017-08-11 07:30:00',30,NULL,13,6),(683,'','2017-08-11 08:00:00',60,NULL,59,6),(684,'Mise en production','2017-08-11 07:00:00',210,NULL,46,1),(685,'','2017-08-11 11:30:00',60,NULL,51,1),(687,'','2017-08-11 12:30:00',30,NULL,56,1),(688,'','2017-08-11 13:00:00',180,NULL,56,1),(689,'','2017-08-15 06:30:00',60,NULL,59,6),(691,'','2017-08-16 07:00:00',90,NULL,59,6),(694,'','2017-08-16 08:30:00',90,NULL,56,6),(695,'','2017-08-16 11:30:00',30,NULL,56,6),(696,'','2017-08-16 12:00:00',60,NULL,10,6),(699,'','2017-08-11 09:00:00',30,NULL,58,6),(701,'','2017-08-14 07:00:00',480,NULL,61,1),(702,'','2017-08-16 07:00:00',120,NULL,56,1),(703,'','2017-08-16 09:00:00',60,NULL,4,1),(704,'','2017-08-16 11:00:00',60,NULL,4,1),(705,'','2017-08-16 12:00:00',30,NULL,10,1),(706,'','2017-08-11 09:30:00',30,NULL,52,6),(707,'','2017-08-11 12:00:00',90,NULL,56,6),(708,'','2017-08-11 13:30:00',30,NULL,51,6),(711,'','2017-08-16 07:00:00',120,NULL,51,2),(712,'','2017-08-16 12:00:00',60,NULL,10,2),(713,'','2017-08-16 12:30:00',150,NULL,4,1),(714,'','2017-08-16 15:00:00',60,NULL,56,1),(715,'','2017-08-16 13:00:00',180,NULL,56,6),(716,'','2017-08-17 07:00:00',180,NULL,56,1),(717,'','2017-08-17 06:00:00',480,NULL,3,2),(718,'','2017-08-16 09:00:00',60,NULL,13,2),(719,'','2017-08-16 13:00:00',180,NULL,3,2),(720,'','2017-08-16 07:00:00',180,NULL,56,16),(721,'','2017-08-16 13:00:00',165,NULL,54,16),(722,'','2017-08-17 11:00:00',60,NULL,4,1),(723,'','2017-08-17 12:00:00',240,NULL,56,1),(724,'','2017-08-11 14:00:00',60,NULL,56,6),(725,'','2017-08-11 15:00:00',30,NULL,59,6),(726,'','2017-08-11 15:30:00',90,NULL,56,6),(727,'','2017-08-17 06:00:00',240,NULL,56,6),(728,'','2017-08-17 12:00:00',240,NULL,56,6),(729,'','2017-08-18 07:00:00',300,NULL,3,2),(730,'','2017-08-18 06:45:00',45,NULL,52,6),(731,'Support (Application plantée sur 2 users).','2017-08-18 07:00:00',60,NULL,34,1),(732,'','2017-08-17 07:00:00',180,NULL,54,16),(733,'','2017-08-17 12:00:00',60,NULL,56,16),(734,'Reprise DAs','2017-08-17 13:00:00',165,NULL,21,16),(735,'','2017-08-18 08:00:00',15,NULL,59,6),(736,'','2017-08-18 07:30:00',30,NULL,56,6),(737,'Mazars','2017-08-18 08:15:00',60,NULL,57,6),(738,'','2017-08-18 09:15:00',75,NULL,56,6),(739,'','2017-08-18 08:00:00',120,NULL,56,1),(740,'','2017-08-18 11:00:00',270,NULL,56,1),(741,'','2017-08-18 15:30:00',30,NULL,46,1),(742,'Reprise DA','2017-08-18 07:30:00',90,NULL,21,16),(743,'','2017-08-18 09:00:00',60,NULL,56,16),(744,'','2017-08-18 12:00:00',225,NULL,56,16),(745,'','2017-08-18 12:00:00',150,NULL,13,2),(746,'','2017-08-18 12:00:00',240,NULL,56,6);
/*!40000 ALTER TABLE `hour` ENABLE KEYS */;
UNLOCK TABLES;

--
-- Temporary table structure for view `hour_extended`
--

DROP TABLE IF EXISTS `hour_extended`;
/*!50001 DROP VIEW IF EXISTS `hour_extended`*/;
SET @saved_cs_client     = @@character_set_client;
SET character_set_client = utf8;
/*!50001 CREATE VIEW `hour_extended` AS SELECT 
 1 AS `id`,
 1 AS `issue`,
 1 AS `started_at`,
 1 AS `minutes`,
 1 AS `comments`,
 1 AS `project.hours_left`,
 1 AS `affected_to.id`,
 1 AS `affected_to.email`,
 1 AS `affected_to.name`,
 1 AS `project.id`,
 1 AS `project.name`,
 1 AS `project.client.id`,
 1 AS `project.client.name`*/;
SET character_set_client = @saved_cs_client;

--
-- Table structure for table `project`
--

DROP TABLE IF EXISTS `project`;
/*!40101 SET @saved_cs_client     = @@character_set_client */;
/*!40101 SET character_set_client = utf8 */;
CREATE TABLE `project` (
  `id` int(11) NOT NULL AUTO_INCREMENT,
  `name` varchar(45) NOT NULL,
  `client` int(11) NOT NULL,
  `provisioned_hours` int(11) NOT NULL DEFAULT '0',
  `started_at` datetime DEFAULT NULL,
  `code` varchar(255) DEFAULT NULL,
  PRIMARY KEY (`id`),
  KEY `fk_project_client1_idx` (`client`),
  CONSTRAINT `fk_project_client1` FOREIGN KEY (`client`) REFERENCES `client` (`id`) ON DELETE NO ACTION ON UPDATE NO ACTION
) ENGINE=InnoDB AUTO_INCREMENT=62 DEFAULT CHARSET=utf8;
/*!40101 SET character_set_client = @saved_cs_client */;

--
-- Dumping data for table `project`
--

LOCK TABLES `project` WRITE;
/*!40000 ALTER TABLE `project` DISABLE KEYS */;
INSERT INTO `project` VALUES (1,'BTS',2,9999,'2015-12-31 23:00:00',NULL),(2,'Support - Kiloutou',1,999,'2015-12-31 23:00:00',NULL),(3,'Régie Aperam',3,999,'2015-12-31 23:00:00',NULL),(4,'Is people efficiency',4,240,'2017-06-01 22:00:00',NULL),(5,'RH Progis',6,999,'1970-01-01 00:00:00',NULL),(6,'RH Devoteamgcloud',5,999,'1970-01-01 00:00:00',NULL),(7,'Structuration projets',5,999,'2017-03-13 23:00:00',NULL),(8,'Synchro RMP',7,999,'2014-12-31 23:00:00',NULL),(9,'Chiffrage',5,999,'2014-12-31 23:00:00',NULL),(10,'What\'s up',5,999,'2015-12-31 23:00:00',NULL),(11,'Lampadaires E&S',8,80,'2017-03-19 23:00:00',NULL),(12,'Demandes d\'achat',9,4,'2017-03-21 23:00:00',NULL),(13,'Interne',5,999,'1970-01-01 00:00:00',NULL),(14,'Formulaire voyages',1,999,'2015-12-31 23:00:00',NULL),(15,'Formation',10,52,'2017-03-26 22:00:00',NULL),(16,'Provisioning ',11,9999,'1970-01-01 00:00:00',NULL),(18,'Export Kifekoi',1,999,'2017-03-31 22:00:00',NULL),(19,'Fiche de mouvement',7,999,'2017-04-09 22:00:00',NULL),(20,'Développement QVT',12,124,'2017-04-09 22:00:00',NULL),(21,'Subway',13,999,'2016-07-31 22:00:00','gP11564'),(22,'BOM',14,999,'2016-09-30 22:00:00',NULL),(23,'Décomissionnement serveurs',15,35,'2017-03-31 22:00:00',NULL),(24,'Indicateur performances',16,80,'2017-04-18 22:00:00',NULL),(25,'Store locator',17,400,'2016-12-31 23:00:00',NULL),(26,'Métrologie',18,12,'2017-05-01 22:00:00',NULL),(27,'POC Street View',19,12,'2017-05-01 22:00:00',NULL),(28,'Support - Hiventy',9,36,'2017-02-13 23:00:00',NULL),(29,'Andresse',20,35,'2017-05-01 22:00:00',NULL),(30,'Gestion des délégations',1,999,'1970-01-18 06:53:09',NULL),(31,'Gestion des outils',1,9999,'2017-04-30 22:00:00',NULL),(32,'Carfu',3,99,'2017-04-30 22:00:00',NULL),(33,'Job request',3,99,'2017-04-30 22:00:00',NULL),(34,'Dynamic groups',22,640,'2017-05-14 22:00:00',NULL),(35,'Congés',5,999,'2017-04-30 22:00:00',NULL),(36,'SIR',7,999,'2017-05-28 22:00:00',NULL),(39,'Chiffrage - Solvay',25,999,'2017-05-31 22:00:00',NULL),(40,'Aide au développement ',26,1,'2017-06-14 22:00:00',NULL),(41,'Labeyrie - Formation',27,20,'2017-06-17 22:00:00',NULL),(42,'Video room management',25,64,'2017-06-30 22:00:00',NULL),(43,'Chiffrage - Hiventy',9,0,'2017-06-30 22:00:00',NULL),(44,'Gestion des délégations - Evolutions',1,40,'2017-06-30 22:00:00',NULL),(45,'Support - McDonald',17,999,'2017-06-30 22:00:00',NULL),(46,'Breath Up ',28,228,'2017-07-16 22:00:00',NULL),(47,'Support - Soitec',29,9999,'2017-07-17 22:00:00',NULL),(48,'SBS My contacts',25,99,'2016-12-31 23:00:00',NULL),(49,'Ajout 10 lignes',30,50,'2017-07-04 22:00:00',NULL),(50,'Youtube translation',31,190,'2017-07-04 22:00:00',NULL),(51,'Contrat RH',32,8,'1970-01-01 00:00:00',NULL),(52,'QR code',25,999,'1970-01-01 00:00:00',NULL),(53,'Maquettage banque de contenus',27,8,'2017-07-31 22:00:00','gP12960'),(54,'Support appli utilisation gmail',16,40,'2017-08-03 22:00:00','gP13174'),(55,'Délégué du personnel',5,999,'1970-01-01 00:00:00',NULL),(56,'GeoMarketing interne',34,544,'2017-08-02 22:00:00','gP12647'),(57,'AVV',5,999,'1970-01-01 00:00:00',NULL),(58,'Séminaire septembre - création HO',35,999,'1970-01-01 00:00:00','gP13002'),(59,'Appli Tango',33,999,'1970-01-01 00:00:00',NULL),(60,'Support - Labeyrie',27,999,'1970-01-01 00:00:00',NULL),(61,'RTT',5,999,'2016-12-31 23:00:00',NULL);
/*!40000 ALTER TABLE `project` ENABLE KEYS */;
UNLOCK TABLES;

--
-- Table structure for table `project_assignements`
--

DROP TABLE IF EXISTS `project_assignements`;
/*!40101 SET @saved_cs_client     = @@character_set_client */;
/*!40101 SET character_set_client = utf8 */;
CREATE TABLE `project_assignements` (
  `id` int(11) NOT NULL AUTO_INCREMENT,
  `project` int(11) NOT NULL,
  `user` int(11) NOT NULL,
  PRIMARY KEY (`id`),
  UNIQUE KEY `project_user_UNIQUE` (`project`,`user`),
  KEY `fk_project_has_user_user1_idx` (`user`),
  KEY `fk_project_has_user_project1_idx` (`project`),
  CONSTRAINT `fk_project_has_user_project1` FOREIGN KEY (`project`) REFERENCES `project` (`id`) ON DELETE NO ACTION ON UPDATE NO ACTION,
  CONSTRAINT `fk_project_has_user_user1` FOREIGN KEY (`user`) REFERENCES `user` (`id`) ON DELETE NO ACTION ON UPDATE NO ACTION
) ENGINE=InnoDB AUTO_INCREMENT=95 DEFAULT CHARSET=utf8;
/*!40101 SET character_set_client = @saved_cs_client */;

--
-- Dumping data for table `project_assignements`
--

LOCK TABLES `project_assignements` WRITE;
/*!40000 ALTER TABLE `project_assignements` DISABLE KEYS */;
INSERT INTO `project_assignements` VALUES (1,1,1),(2,2,1),(12,2,2),(3,3,2),(4,4,1),(39,4,2),(46,4,7),(7,7,1),(9,8,1),(10,9,1),(40,9,2),(11,10,1),(33,10,2),(82,10,6),(13,11,1),(14,12,1),(15,13,1),(43,13,2),(80,13,6),(50,13,7),(16,14,1),(17,15,1),(18,16,1),(19,18,1),(67,18,6),(20,19,1),(23,20,1),(21,20,2),(93,21,16),(27,23,1),(28,24,1),(32,25,1),(31,25,6),(29,25,7),(34,26,1),(35,27,2),(36,28,1),(38,29,1),(37,29,2),(41,30,1),(42,31,1),(47,32,2),(44,33,2),(48,34,1),(56,34,2),(59,34,7),(54,34,10),(49,35,1),(51,35,2),(52,36,1),(53,39,1),(57,40,1),(58,41,1),(71,42,1),(77,42,6),(60,42,10),(61,43,1),(62,44,2),(63,45,1),(65,46,1),(64,46,7),(66,47,2),(68,48,1),(79,50,6),(69,50,16),(85,51,1),(70,51,2),(91,51,6),(75,52,6),(78,53,6),(72,54,6),(92,54,16),(76,55,6),(86,56,1),(94,56,2),(74,56,6),(88,56,16),(73,57,6),(81,58,6),(83,59,6),(84,60,6),(90,61,1);
/*!40000 ALTER TABLE `project_assignements` ENABLE KEYS */;
UNLOCK TABLES;

--
-- Temporary table structure for view `project_load`
--

DROP TABLE IF EXISTS `project_load`;
/*!50001 DROP VIEW IF EXISTS `project_load`*/;
SET @saved_cs_client     = @@character_set_client;
SET character_set_client = utf8;
/*!50001 CREATE VIEW `project_load` AS SELECT 
 1 AS `timestamp`,
 1 AS `dayNumber`,
 1 AS `project.id`,
 1 AS `project.name`,
 1 AS `affected_to.id`,
 1 AS `affected_to.name`,
 1 AS `hour`*/;
SET character_set_client = @saved_cs_client;

--
-- Table structure for table `task`
--

DROP TABLE IF EXISTS `task`;
/*!40101 SET @saved_cs_client     = @@character_set_client */;
/*!40101 SET character_set_client = utf8 */;
CREATE TABLE `task` (
  `id` int(11) NOT NULL AUTO_INCREMENT,
  `project_id` int(11) NOT NULL,
  `user_id` int(11) NOT NULL,
  `title` varchar(255) NOT NULL,
  `description` text,
  `completed` tinyint(4) NOT NULL DEFAULT '0',
  PRIMARY KEY (`id`),
  KEY `fk_project_has_user_user2_idx` (`user_id`),
  KEY `fk_project_has_user_project2_idx` (`project_id`),
  CONSTRAINT `fk_project_has_user_project2` FOREIGN KEY (`project_id`) REFERENCES `project` (`id`) ON DELETE NO ACTION ON UPDATE NO ACTION,
  CONSTRAINT `fk_project_has_user_user2` FOREIGN KEY (`user_id`) REFERENCES `user` (`id`) ON DELETE NO ACTION ON UPDATE NO ACTION
) ENGINE=InnoDB DEFAULT CHARSET=utf8;
/*!40101 SET character_set_client = @saved_cs_client */;

--
-- Dumping data for table `task`
--

LOCK TABLES `task` WRITE;
/*!40000 ALTER TABLE `task` DISABLE KEYS */;
/*!40000 ALTER TABLE `task` ENABLE KEYS */;
UNLOCK TABLES;

--
-- Table structure for table `task_day`
--

DROP TABLE IF EXISTS `task_day`;
/*!40101 SET @saved_cs_client     = @@character_set_client */;
/*!40101 SET character_set_client = utf8 */;
CREATE TABLE `task_day` (
  `id` int(11) NOT NULL AUTO_INCREMENT,
  `started_at` datetime NOT NULL,
  `minutes` int(11) NOT NULL,
  `task_id` int(11) NOT NULL,
  PRIMARY KEY (`id`,`task_id`),
  KEY `fk_task_day_task1_idx` (`task_id`),
  CONSTRAINT `fk_task_day_task1` FOREIGN KEY (`task_id`) REFERENCES `task` (`id`) ON DELETE NO ACTION ON UPDATE NO ACTION
) ENGINE=InnoDB DEFAULT CHARSET=utf8;
/*!40101 SET character_set_client = @saved_cs_client */;

--
-- Dumping data for table `task_day`
--

LOCK TABLES `task_day` WRITE;
/*!40000 ALTER TABLE `task_day` DISABLE KEYS */;
/*!40000 ALTER TABLE `task_day` ENABLE KEYS */;
UNLOCK TABLES;

--
-- Table structure for table `user`
--

DROP TABLE IF EXISTS `user`;
/*!40101 SET @saved_cs_client     = @@character_set_client */;
/*!40101 SET character_set_client = utf8 */;
CREATE TABLE `user` (
  `id` int(11) NOT NULL AUTO_INCREMENT,
  `email` varchar(255) NOT NULL,
  `name` varchar(255) NOT NULL,
  PRIMARY KEY (`id`)
) ENGINE=InnoDB AUTO_INCREMENT=22 DEFAULT CHARSET=utf8;
/*!40101 SET character_set_client = @saved_cs_client */;

--
-- Dumping data for table `user`
--

LOCK TABLES `user` WRITE;
/*!40000 ALTER TABLE `user` DISABLE KEYS */;
INSERT INTO `user` VALUES (1,'kevin.lambert@devoteamgcloud.com','Kévin LAMBERT'),(2,'vincent.tertre@devoteamgcloud.com','Vincent TERTRE'),(6,'quentin.veyret@devoteamgcloud.com','Quentin VEYRET'),(7,'quentin.collette@devoteamgcloud.com','Quentin COLLETTE'),(10,'anthony.greau-ext@gpartner.eu','Anthony GREAU'),(11,'thomas.laporte@devoteamgcloud.com','Thomas LAPORTE'),(16,'valentin.coudert@devoteamgcloud.com','Valentin COUDERT'),(17,'nicolas.thiriez@devoteamgcloud.com','Nicolas THIRIEZ'),(18,'stephanie.berthelot@devoteamgcloud.com','Stéphanie BERTHELOT'),(19,'thomas.decaux@devoteamgcloud.com','Thomas DECAUX'),(21,'andresse.njeungoue@devoteamgcloud.com','andresse.njeungoue');
/*!40000 ALTER TABLE `user` ENABLE KEYS */;
UNLOCK TABLES;

--
-- Final view structure for view `cra`
--

/*!50001 DROP VIEW IF EXISTS `cra`*/;
/*!50001 SET @saved_cs_client          = @@character_set_client */;
/*!50001 SET @saved_cs_results         = @@character_set_results */;
/*!50001 SET @saved_col_connection     = @@collation_connection */;
/*!50001 SET character_set_client      = utf8 */;
/*!50001 SET character_set_results     = utf8 */;
/*!50001 SET collation_connection      = utf8_general_ci */;
/*!50001 CREATE ALGORITHM=UNDEFINED */
/*!50013 DEFINER=`root`@`%` SQL SECURITY DEFINER */
/*!50001 VIEW `cra` AS (select `U`.`email` AS `email`,`C`.`name` AS `client`,`P`.`name` AS `project`,`H`.`started_at` AS `started_at`,month(`H`.`started_at`) AS `month`,`H`.`minutes` AS `minutes`,(`H`.`minutes` / 60) AS `hour`,`H`.`issue` AS `issue` from (((`hour` `H` join `project` `P` on((`H`.`project` = `P`.`id`))) join `client` `C` on((`P`.`client` = `C`.`id`))) join `user` `U` on((`H`.`affected_to` = `U`.`id`)))) */;
/*!50001 SET character_set_client      = @saved_cs_client */;
/*!50001 SET character_set_results     = @saved_cs_results */;
/*!50001 SET collation_connection      = @saved_col_connection */;

--
-- Final view structure for view `hour_extended`
--

/*!50001 DROP VIEW IF EXISTS `hour_extended`*/;
/*!50001 SET @saved_cs_client          = @@character_set_client */;
/*!50001 SET @saved_cs_results         = @@character_set_results */;
/*!50001 SET @saved_col_connection     = @@collation_connection */;
/*!50001 SET character_set_client      = utf8 */;
/*!50001 SET character_set_results     = utf8 */;
/*!50001 SET collation_connection      = utf8_general_ci */;
/*!50001 CREATE ALGORITHM=UNDEFINED */
/*!50013 DEFINER=`root`@`%` SQL SECURITY DEFINER */
/*!50001 VIEW `hour_extended` AS (select `sub_1`.`id` AS `id`,`sub_1`.`issue` AS `issue`,`sub_1`.`started_at` AS `started_at`,`sub_1`.`minutes` AS `minutes`,`sub_1`.`comments` AS `comments`,(`sub_1`.`project.provisioned_hours` - `sub_2`.`consumed`) AS `project.hours_left`,`sub_1`.`affected_to.id` AS `affected_to.id`,`sub_1`.`affected_to.email` AS `affected_to.email`,`sub_1`.`affected_to.name` AS `affected_to.name`,`sub_1`.`project.id` AS `project.id`,`sub_1`.`project.name` AS `project.name`,`sub_1`.`project.client.id` AS `project.client.id`,`sub_1`.`project.client.name` AS `project.client.name` from (((select `H`.`id` AS `id`,`H`.`issue` AS `issue`,`H`.`started_at` AS `started_at`,`H`.`minutes` AS `minutes`,`H`.`comments` AS `comments`,`P`.`provisioned_hours` AS `project.provisioned_hours`,`U`.`id` AS `affected_to.id`,`U`.`email` AS `affected_to.email`,`U`.`name` AS `affected_to.name`,`P`.`id` AS `project.id`,`P`.`name` AS `project.name`,`C`.`id` AS `project.client.id`,`C`.`name` AS `project.client.name` from (((`hours_count`.`hour` `H` join `hours_count`.`project` `P` on((`H`.`project` = `P`.`id`))) join `hours_count`.`user` `U` on((`H`.`affected_to` = `U`.`id`))) join `hours_count`.`client` `C` on((`P`.`client` = `C`.`id`))))) `sub_1` left join (select `H`.`project` AS `project.id`,sum((`H`.`minutes` / 60)) AS `consumed` from `hours_count`.`hour` `H` group by `H`.`project`) `sub_2` on((`sub_1`.`project.id` = `sub_2`.`project.id`)))) */;
/*!50001 SET character_set_client      = @saved_cs_client */;
/*!50001 SET character_set_results     = @saved_cs_results */;
/*!50001 SET collation_connection      = @saved_col_connection */;

--
-- Final view structure for view `project_load`
--

/*!50001 DROP VIEW IF EXISTS `project_load`*/;
/*!50001 SET @saved_cs_client          = @@character_set_client */;
/*!50001 SET @saved_cs_results         = @@character_set_results */;
/*!50001 SET @saved_col_connection     = @@collation_connection */;
/*!50001 SET character_set_client      = utf8 */;
/*!50001 SET character_set_results     = utf8 */;
/*!50001 SET collation_connection      = utf8_general_ci */;
/*!50001 CREATE ALGORITHM=UNDEFINED */
/*!50013 DEFINER=`root`@`%` SQL SECURITY DEFINER */
/*!50001 VIEW `project_load` AS (select cast(`PL`.`day` as datetime) AS `timestamp`,dayofmonth(`PL`.`day`) AS `dayNumber`,`P`.`id` AS `project.id`,`P`.`name` AS `project.name`,`U`.`id` AS `affected_to.id`,`U`.`name` AS `affected_to.name`,`PL`.`hour` AS `hour` from ((((select cast(`H`.`started_at` as date) AS `day`,`H`.`project` AS `project`,`H`.`affected_to` AS `affected_to`,round((sum(`H`.`minutes`) / 60),1) AS `hour` from `hours_count`.`hour` `H` group by cast(`H`.`started_at` as date),`H`.`affected_to`,`H`.`project` order by `H`.`project`,`H`.`affected_to`,`day`)) `PL` join `hours_count`.`project` `P` on((`PL`.`project` = `P`.`id`))) join `hours_count`.`user` `U` on((`PL`.`affected_to` = `U`.`id`)))) */;
/*!50001 SET character_set_client      = @saved_cs_client */;
/*!50001 SET character_set_results     = @saved_cs_results */;
/*!50001 SET collation_connection      = @saved_col_connection */;
/*!40103 SET TIME_ZONE=@OLD_TIME_ZONE */;

/*!40101 SET SQL_MODE=@OLD_SQL_MODE */;
/*!40014 SET FOREIGN_KEY_CHECKS=@OLD_FOREIGN_KEY_CHECKS */;
/*!40014 SET UNIQUE_CHECKS=@OLD_UNIQUE_CHECKS */;
/*!40101 SET CHARACTER_SET_CLIENT=@OLD_CHARACTER_SET_CLIENT */;
/*!40101 SET CHARACTER_SET_RESULTS=@OLD_CHARACTER_SET_RESULTS */;
/*!40101 SET COLLATION_CONNECTION=@OLD_COLLATION_CONNECTION */;
/*!40111 SET SQL_NOTES=@OLD_SQL_NOTES */;

-- Dump completed on 2017-08-19 23:42:28
